<?xml version="1.0" encoding="UTF-8" standalone="no"?>
<registration_data version="1.0">
   <environment>
      <hostname>cypher256-PC</hostname>
      <hostId/>
      <osName>Windows 7</osName>
      <osVersion>6.1</osVersion>
      <osArchitecture>x86</osArchitecture>
      <systemModel>9070D</systemModel>
      <systemManufacturer>MCJ Co,.Ltd</systemManufacturer>
      <cpuManufacturer>GenuineIntel</cpuManufacturer>
      <serialNumber>0123456789</serialNumber>
   </environment>
   <registry urn="urn:st:d996ecff-de19-4da5-b7a1-53add76892ec" version="1.0">
      <service_tag>
         <instance_urn>urn:st:9a7523f4-0f4c-4c2d-9d65-8b019ed0e4a9</instance_urn>
         <product_name>Java SE 6 Development Kit</product_name>
         <product_version>1.6.0_24</product_version>
         <product_urn>urn:uuid:b58ef9a8-5ae8-11db-a023-080020a9ed93</product_urn>
         <product_parent_urn>urn:uuid:fdc90b21-018d-4cab-b866-612c7c119ed3</product_parent_urn>
         <product_parent>Java Platform Standard Edition 6 (Java SE 6)</product_parent>
         <product_defined_inst_id>id=1.6.0_24-b07 x86,dir=D:\dev\Tools\jdk1.6\jre</product_defined_inst_id>
         <product_vendor>Sun Microsystems</product_vendor>
         <platform_arch>x86</platform_arch>
         <timestamp>2011-02-27 06:35:29 GMT</timestamp>
         <container>global</container>
         <source>Windows JDK i586 installer</source>
         <installer_uid>-1</installer_uid>
      </service_tag>
   </registry>
</registration_data>
